use LEETCODESQL;

-- solution
-- un solved yet, (wrong solution, use cross join must to solve)

SELECT Stud.*, Exam.*
FROM Students Stud
CROSS JOIN
Examinations Exam;

-- Problem
Create table If Not Exists Students (student_id int, student_name varchar(20));
Create table If Not Exists Subjects (subject_name varchar(20));
Create table If Not Exists Examinations (student_id int, subject_name varchar(20));

insert into Students (student_id, student_name) values ('1', 'Alice');
insert into Students (student_id, student_name) values ('2', 'Bob');
insert into Students (student_id, student_name) values ('13', 'John');
insert into Students (student_id, student_name) values ('6', 'Alex');

insert into Subjects (subject_name) values ('Math');
insert into Subjects (subject_name) values ('Physics');
insert into Subjects (subject_name) values ('Programming');

insert into Examinations (student_id, subject_name) values ('1', 'Math');
insert into Examinations (student_id, subject_name) values ('1', 'Physics');
insert into Examinations (student_id, subject_name) values ('1', 'Programming');
insert into Examinations (student_id, subject_name) values ('2', 'Programming');
insert into Examinations (student_id, subject_name) values ('1', 'Physics');
insert into Examinations (student_id, subject_name) values ('1', 'Math');
insert into Examinations (student_id, subject_name) values ('13', 'Math');
insert into Examinations (student_id, subject_name) values ('13', 'Programming');
insert into Examinations (student_id, subject_name) values ('13', 'Physics');
insert into Examinations (student_id, subject_name) values ('2', 'Math');
insert into Examinations (student_id, subject_name) values ('1', 'Math');